id,ten,email,diem
1,Nguyen Van 1,user1@example.com,0.37
2,Nguyen Van 2,user2@example.com,0.74
3,Nguyen Van 3,user3@example.com,1.11
4,Nguyen Van 4,user4@example.com,1.48
5,Nguyen Van 5,user5@example.com,1.85
6,Nguyen Van 6,user6@example.com,2.22
7,Nguyen Van 7,user7@example.com,2.59
8,Nguyen Van 8,user8@example.com,2.96
9,Nguyen Van 9,user9@example.com,3.33
10,Nguyen Van 10,user10@example.com,3.7
11,Nguyen Van 11,user11@example.com,4.07
12,Nguyen Van 12,user12@example.com,4.44
13,Nguyen Van 13,user13@example.com,4.81
14,Nguyen Van 14,user14@example.com,5.18
15,Nguyen Van 15,user15@example.com,5.55
16,Nguyen Van 16,user16@example.com,5.92
17,Nguyen Van 17,user17@example.com,6.29
18,Nguyen Van 18,user18@example.com,6.66
19,Nguyen Van 19,user19@example.com,7.03
20,Nguyen Van 20,user20@example.com,7.4
21,Nguyen Van 21,user21@example.com,7.77
22,Nguyen Van 22,user22@example.com,8.14
23,Nguyen Van 23,user23@example.com,8.51
24,Nguyen Van 24,user24@example.com,8.88
25,Nguyen Van 25,user25@example.com,9.25
26,Nguyen Van 26,user26@example.com,9.62
27,Nguyen Van 27,user27@example.com,9.99
28,Nguyen Van 28,user28@example.com,10.36
29,Nguyen Van 29,user29@example.com,10.73
30,Nguyen Van 30,user30@example.com,11.1
31,Nguyen Van 31,user31@example.com,11.47
32,Nguyen Van 32,user32@example.com,11.84
33,Nguyen Van 33,user33@example.com,12.21
34,Nguyen Van 34,user34@example.com,12.58
35,Nguyen Van 35,user35@example.com,12.95
36,Nguyen Van 36,user36@example.com,13.32
37,Nguyen Van 37,user37@example.com,13.69
38,Nguyen Van 38,user38@example.com,14.06
39,Nguyen Van 39,user39@example.com,14.43
40,Nguyen Van 40,user40@example.com,14.8
41,Nguyen Van 41,user41@example.com,15.17
42,Nguyen Van 42,user42@example.com,15.54
43,Nguyen Van 43,user43@example.com,15.91
44,Nguyen Van 44,user44@example.com,16.28
45,Nguyen Van 45,user45@example.com,16.65
46,Nguyen Van 46,user46@example.com,17.02
47,Nguyen Van 47,user47@example.com,17.39
48,Nguyen Van 48,user48@example.com,17.76
49,Nguyen Van 49,user49@example.com,18.13
50,Nguyen Van 50,user50@example.com,18.5
51,Nguyen Van 51,user51@example.com,18.87
52,Nguyen Van 52,user52@example.com,19.24
53,Nguyen Van 53,user53@example.com,19.61
54,Nguyen Van 54,user54@example.com,19.98
55,Nguyen Van 55,user55@example.com,20.35
56,Nguyen Van 56,user56@example.com,20.72
57,Nguyen Van 57,user57@example.com,21.09
58,Nguyen Van 58,user58@example.com,21.46
59,Nguyen Van 59,user59@example.com,21.83
60,Nguyen Van 60,user60@example.com,22.2
61,Nguyen Van 61,user61@example.com,22.57
62,Nguyen Van 62,user62@example.com,22.94
63,Nguyen Van 63,user63@example.com,23.31
64,Nguyen Van 64,user64@example.com,23.68
65,Nguyen Van 65,user65@example.com,24.05
66,Nguyen Van 66,user66@example.com,24.42
67,Nguyen Van 67,user67@example.com,24.79
68,Nguyen Van 68,user68@example.com,25.16
69,Nguyen Van 69,user69@example.com,25.53
70,Nguyen Van 70,user70@example.com,25.9
71,Nguyen Van 71,user71@example.com,26.27
72,Nguyen Van 72,user72@example.com,26.64
73,Nguyen Van 73,user73@example.com,27.01
74,Nguyen Van 74,user74@example.com,27.38
75,Nguyen Van 75,user75@example.com,27.75
76,Nguyen Van 76,user76@example.com,28.12
77,Nguyen Van 77,user77@example.com,28.49
78,Nguyen Van 78,user78@example.com,28.86
79,Nguyen Van 79,user79@example.com,29.23
80,Nguyen Van 80,user80@example.com,29.6
81,Nguyen Van 81,user81@example.com,29.97
82,Nguyen Van 82,user82@example.com,30.34
83,Nguyen Van 83,user83@example.com,30.71
84,Nguyen Van 84,user84@example.com,31.08
85,Nguyen Van 85,user85@example.com,31.45
86,Nguyen Van 86,user86@example.com,31.82
87,Nguyen Van 87,user87@example.com,32.19
88,Nguyen Van 88,user88@example.com,32.56
89,Nguyen Van 89,user89@example.com,32.93
90,Nguyen Van 90,user90@example.com,33.3
91,Nguyen Van 91,user91@example.com,33.67
92,Nguyen Van 92,user92@example.com,34.04
93,Nguyen Van 93,user93@example.com,34.41
94,Nguyen Van 94,user94@example.com,34.78
95,Nguyen Van 95,user95@example.com,35.15
96,Nguyen Van 96,user96@example.com,35.52
97,Nguyen Van 97,user97@example.com,35.89
98,Nguyen Van 98,user98@example.com,36.26
99,Nguyen Van 99,user99@example.com,36.63
100,Nguyen Van 100,user100@example.com,37.0
101,Nguyen Van 101,user101@example.com,37.37
102,Nguyen Van 102,user102@example.com,37.74
103,Nguyen Van 103,user103@example.com,38.11
104,Nguyen Van 104,user104@example.com,38.48
105,Nguyen Van 105,user105@example.com,38.85
106,Nguyen Van 106,user106@example.com,39.22
107,Nguyen Van 107,user107@example.com,39.59
108,Nguyen Van 108,user108@example.com,39.96
109,Nguyen Van 109,user109@example.com,40.33
110,Nguyen Van 110,user110@example.com,40.7
111,Nguyen Van 111,user111@example.com,41.07
112,Nguyen Van 112,user112@example.com,41.44
113,Nguyen Van 113,user113@example.com,41.81
114,Nguyen Van 114,user114@example.com,42.18
115,Nguyen Van 115,user115@example.com,42.55
116,Nguyen Van 116,user116@example.com,42.92
117,Nguyen Van 117,user117@example.com,43.29
118,Nguyen Van 118,user118@example.com,43.66
119,Nguyen Van 119,user119@example.com,44.03
120,Nguyen Van 120,user120@example.com,44.4
121,Nguyen Van 121,user121@example.com,44.77
122,Nguyen Van 122,user122@example.com,45.14
123,Nguyen Van 123,user123@example.com,45.51
124,Nguyen Van 124,user124@example.com,45.88
125,Nguyen Van 125,user125@example.com,46.25
126,Nguyen Van 126,user126@example.com,46.62
127,Nguyen Van 127,user127@example.com,46.99
128,Nguyen Van 128,user128@example.com,47.36
129,Nguyen Van 129,user129@example.com,47.73
130,Nguyen Van 130,user130@example.com,48.1
131,Nguyen Van 131,user131@example.com,48.47
132,Nguyen Van 132,user132@example.com,48.84
133,Nguyen Van 133,user133@example.com,49.21
134,Nguyen Van 134,user134@example.com,49.58
135,Nguyen Van 135,user135@example.com,49.95
136,Nguyen Van 136,user136@example.com,50.32
137,Nguyen Van 137,user137@example.com,50.69
138,Nguyen Van 138,user138@example.com,51.06
139,Nguyen Van 139,user139@example.com,51.43
140,Nguyen Van 140,user140@example.com,51.8
141,Nguyen Van 141,user141@example.com,52.17
142,Nguyen Van 142,user142@example.com,52.54
143,Nguyen Van 143,user143@example.com,52.91
144,Nguyen Van 144,user144@example.com,53.28
145,Nguyen Van 145,user145@example.com,53.65
146,Nguyen Van 146,user146@example.com,54.02
147,Nguyen Van 147,user147@example.com,54.39
148,Nguyen Van 148,user148@example.com,54.76
149,Nguyen Van 149,user149@example.com,55.13
150,Nguyen Van 150,user150@example.com,55.5
151,Nguyen Van 151,user151@example.com,55.87
152,Nguyen Van 152,user152@example.com,56.24
153,Nguyen Van 153,user153@example.com,56.61
154,Nguyen Van 154,user154@example.com,56.98
155,Nguyen Van 155,user155@example.com,57.35
156,Nguyen Van 156,user156@example.com,57.72
157,Nguyen Van 157,user157@example.com,58.09
158,Nguyen Van 158,user158@example.com,58.46
159,Nguyen Van 159,user159@example.com,58.83
160,Nguyen Van 160,user160@example.com,59.2
161,Nguyen Van 161,user161@example.com,59.57
162,Nguyen Van 162,user162@example.com,59.94
163,Nguyen Van 163,user163@example.com,60.31
164,Nguyen Van 164,user164@example.com,60.68
165,Nguyen Van 165,user165@example.com,61.05
166,Nguyen Van 166,user166@example.com,61.42
167,Nguyen Van 167,user167@example.com,61.79
168,Nguyen Van 168,user168@example.com,62.16
169,Nguyen Van 169,user169@example.com,62.53
170,Nguyen Van 170,user170@example.com,62.9
171,Nguyen Van 171,user171@example.com,63.27
172,Nguyen Van 172,user172@example.com,63.64
173,Nguyen Van 173,user173@example.com,64.01
174,Nguyen Van 174,user174@example.com,64.38
175,Nguyen Van 175,user175@example.com,64.75
176,Nguyen Van 176,user176@example.com,65.12
177,Nguyen Van 177,user177@example.com,65.49
178,Nguyen Van 178,user178@example.com,65.86
179,Nguyen Van 179,user179@example.com,66.23
180,Nguyen Van 180,user180@example.com,66.6
181,Nguyen Van 181,user181@example.com,66.97
182,Nguyen Van 182,user182@example.com,67.34
183,Nguyen Van 183,user183@example.com,67.71
184,Nguyen Van 184,user184@example.com,68.08
185,Nguyen Van 185,user185@example.com,68.45
186,Nguyen Van 186,user186@example.com,68.82
187,Nguyen Van 187,user187@example.com,69.19
188,Nguyen Van 188,user188@example.com,69.56
189,Nguyen Van 189,user189@example.com,69.93
190,Nguyen Van 190,user190@example.com,70.3
191,Nguyen Van 191,user191@example.com,70.67
192,Nguyen Van 192,user192@example.com,71.04
193,Nguyen Van 193,user193@example.com,71.41
194,Nguyen Van 194,user194@example.com,71.78
195,Nguyen Van 195,user195@example.com,72.15
196,Nguyen Van 196,user196@example.com,72.52
197,Nguyen Van 197,user197@example.com,72.89
198,Nguyen Van 198,user198@example.com,73.26
199,Nguyen Van 199,user199@example.com,73.63
200,Nguyen Van 200,user200@example.com,74.0
201,Nguyen Van 201,user201@example.com,74.37
202,Nguyen Van 202,user202@example.com,74.74
203,Nguyen Van 203,user203@example.com,75.11
204,Nguyen Van 204,user204@example.com,75.48
205,Nguyen Van 205,user205@example.com,75.85
206,Nguyen Van 206,user206@example.com,76.22
207,Nguyen Van 207,user207@example.com,76.59
208,Nguyen Van 208,user208@example.com,76.96
209,Nguyen Van 209,user209@example.com,77.33
210,Nguyen Van 210,user210@example.com,77.7
211,Nguyen Van 211,user211@example.com,78.07
212,Nguyen Van 212,user212@example.com,78.44
213,Nguyen Van 213,user213@example.com,78.81
214,Nguyen Van 214,user214@example.com,79.18
215,Nguyen Van 215,user215@example.com,79.55
216,Nguyen Van 216,user216@example.com,79.92
217,Nguyen Van 217,user217@example.com,80.29
218,Nguyen Van 218,user218@example.com,80.66
219,Nguyen Van 219,user219@example.com,81.03
220,Nguyen Van 220,user220@example.com,81.4
221,Nguyen Van 221,user221@example.com,81.77
222,Nguyen Van 222,user222@example.com,82.14
223,Nguyen Van 223,user223@example.com,82.51
224,Nguyen Van 224,user224@example.com,82.88
225,Nguyen Van 225,user225@example.com,83.25
226,Nguyen Van 226,user226@example.com,83.62
227,Nguyen Van 227,user227@example.com,83.99
228,Nguyen Van 228,user228@example.com,84.36
229,Nguyen Van 229,user229@example.com,84.73
230,Nguyen Van 230,user230@example.com,85.1
231,Nguyen Van 231,user231@example.com,85.47
232,Nguyen Van 232,user232@example.com,85.84
233,Nguyen Van 233,user233@example.com,86.21
234,Nguyen Van 234,user234@example.com,86.58
235,Nguyen Van 235,user235@example.com,86.95
236,Nguyen Van 236,user236@example.com,87.32
237,Nguyen Van 237,user237@example.com,87.69
238,Nguyen Van 238,user238@example.com,88.06
239,Nguyen Van 239,user239@example.com,88.43
240,Nguyen Van 240,user240@example.com,88.8
241,Nguyen Van 241,user241@example.com,89.17
242,Nguyen Van 242,user242@example.com,89.54
243,Nguyen Van 243,user243@example.com,89.91
244,Nguyen Van 244,user244@example.com,90.28
245,Nguyen Van 245,user245@example.com,90.65
246,Nguyen Van 246,user246@example.com,91.02
247,Nguyen Van 247,user247@example.com,91.39
248,Nguyen Van 248,user248@example.com,91.76
249,Nguyen Van 249,user249@example.com,92.13
250,Nguyen Van 250,user250@example.com,92.5
251,Nguyen Van 251,user251@example.com,92.87
252,Nguyen Van 252,user252@example.com,93.24
253,Nguyen Van 253,user253@example.com,93.61
254,Nguyen Van 254,user254@example.com,93.98
255,Nguyen Van 255,user255@example.com,94.35
256,Nguyen Van 256,user256@example.com,94.72
257,Nguyen Van 257,user257@example.com,95.09
258,Nguyen Van 258,user258@example.com,95.46
259,Nguyen Van 259,user259@example.com,95.83
260,Nguyen Van 260,user260@example.com,96.2
261,Nguyen Van 261,user261@example.com,96.57
262,Nguyen Van 262,user262@example.com,96.94
263,Nguyen Van 263,user263@example.com,97.31
264,Nguyen Van 264,user264@example.com,97.68
265,Nguyen Van 265,user265@example.com,98.05
266,Nguyen Van 266,user266@example.com,98.42
267,Nguyen Van 267,user267@example.com,98.79
268,Nguyen Van 268,user268@example.com,99.16
269,Nguyen Van 269,user269@example.com,99.53
270,Nguyen Van 270,user270@example.com,99.9
271,Nguyen Van 271,user271@example.com,100.27
272,Nguyen Van 272,user272@example.com,100.64
273,Nguyen Van 273,user273@example.com,101.01
274,Nguyen Van 274,user274@example.com,101.38
275,Nguyen Van 275,user275@example.com,101.75
276,Nguyen Van 276,user276@example.com,102.12
277,Nguyen Van 277,user277@example.com,102.49
278,Nguyen Van 278,user278@example.com,102.86
279,Nguyen Van 279,user279@example.com,103.23
280,Nguyen Van 280,user280@example.com,103.6
281,Nguyen Van 281,user281@example.com,103.97
282,Nguyen Van 282,user282@example.com,104.34
283,Nguyen Van 283,user283@example.com,104.71
284,Nguyen Van 284,user284@example.com,105.08
285,Nguyen Van 285,user285@example.com,105.45
286,Nguyen Van 286,user286@example.com,105.82
287,Nguyen Van 287,user287@example.com,106.19
288,Nguyen Van 288,user288@example.com,106.56
289,Nguyen Van 289,user289@example.com,106.93
290,Nguyen Van 290,user290@example.com,107.3
291,Nguyen Van 291,user291@example.com,107.67
292,Nguyen Van 292,user292@example.com,108.04
293,Nguyen Van 293,user293@example.com,108.41
294,Nguyen Van 294,user294@example.com,108.78
295,Nguyen Van 295,user295@example.com,109.15
296,Nguyen Van 296,user296@example.com,109.52
297,Nguyen Van 297,user297@example.com,109.89
298,Nguyen Van 298,user298@example.com,110.26
299,Nguyen Van 299,user299@example.com,110.63
300,Nguyen Van 300,user300@example.com,111.0
301,Nguyen Van 301,user301@example.com,111.37
302,Nguyen Van 302,user302@example.com,111.74
303,Nguyen Van 303,user303@example.com,112.11
304,Nguyen Van 304,user304@example.com,112.48
305,Nguyen Van 305,user305@example.com,112.85
306,Nguyen Van 306,user306@example.com,113.22
307,Nguyen Van 307,user307@example.com,113.59
308,Nguyen Van 308,user308@example.com,113.96
309,Nguyen Van 309,user309@example.com,114.33
310,Nguyen Van 310,user310@example.com,114.7
311,Nguyen Van 311,user311@example.com,115.07
312,Nguyen Van 312,user312@example.com,115.44
313,Nguyen Van 313,user313@example.com,115.81
314,Nguyen Van 314,user314@example.com,116.18
315,Nguyen Van 315,user315@example.com,116.55
316,Nguyen Van 316,user316@example.com,116.92
317,Nguyen Van 317,user317@example.com,117.29
318,Nguyen Van 318,user318@example.com,117.66
319,Nguyen Van 319,user319@example.com,118.03
320,Nguyen Van 320,user320@example.com,118.4
321,Nguyen Van 321,user321@example.com,118.77
322,Nguyen Van 322,user322@example.com,119.14
323,Nguyen Van 323,user323@example.com,119.51
324,Nguyen Van 324,user324@example.com,119.88
325,Nguyen Van 325,user325@example.com,120.25
326,Nguyen Van 326,user326@example.com,120.62
327,Nguyen Van 327,user327@example.com,120.99
328,Nguyen Van 328,user328@example.com,121.36
329,Nguyen Van 329,user329@example.com,121.73
330,Nguyen Van 330,user330@example.com,122.1
331,Nguyen Van 331,user331@example.com,122.47
332,Nguyen Van 332,user332@example.com,122.84
333,Nguyen Van 333,user333@example.com,123.21
334,Nguyen Van 334,user334@example.com,123.58
335,Nguyen Van 335,user335@example.com,123.95
336,Nguyen Van 336,user336@example.com,124.32
337,Nguyen Van 337,user337@example.com,124.69
338,Nguyen Van 338,user338@example.com,125.06
339,Nguyen Van 339,user339@example.com,125.43
340,Nguyen Van 340,user340@example.com,125.8
341,Nguyen Van 341,user341@example.com,126.17
342,Nguyen Van 342,user342@example.com,126.54
343,Nguyen Van 343,user343@example.com,126.91
344,Nguyen Van 344,user344@example.com,127.28
345,Nguyen Van 345,user345@example.com,127.65
346,Nguyen Van 346,user346@example.com,128.02
347,Nguyen Van 347,user347@example.com,128.39
348,Nguyen Van 348,user348@example.com,128.76
349,Nguyen Van 349,user349@example.com,129.13
350,Nguyen Van 350,user350@example.com,129.5
351,Nguyen Van 351,user351@example.com,129.87
352,Nguyen Van 352,user352@example.com,130.24
353,Nguyen Van 353,user353@example.com,130.61
354,Nguyen Van 354,user354@example.com,130.98
355,Nguyen Van 355,user355@example.com,131.35
356,Nguyen Van 356,user356@example.com,131.72
357,Nguyen Van 357,user357@example.com,132.09
358,Nguyen Van 358,user358@example.com,132.46
359,Nguyen Van 359,user359@example.com,132.83
360,Nguyen Van 360,user360@example.com,133.2
361,Nguyen Van 361,user361@example.com,133.57
362,Nguyen Van 362,user362@example.com,133.94
363,Nguyen Van 363,user363@example.com,134.31
364,Nguyen Van 364,user364@example.com,134.68
365,Nguyen Van 365,user365@example.com,135.05
366,Nguyen Van 366,user366@example.com,135.42
367,Nguyen Van 367,user367@example.com,135.79
368,Nguyen Van 368,user368@example.com,136.16
369,Nguyen Van 369,user369@example.com,136.53
370,Nguyen Van 370,user370@example.com,136.9
371,Nguyen Van 371,user371@example.com,137.27
372,Nguyen Van 372,user372@example.com,137.64
373,Nguyen Van 373,user373@example.com,138.01
374,Nguyen Van 374,user374@example.com,138.38
375,Nguyen Van 375,user375@example.com,138.75
376,Nguyen Van 376,user376@example.com,139.12
377,Nguyen Van 377,user377@example.com,139.49
378,Nguyen Van 378,user378@example.com,139.86
379,Nguyen Van 379,user379@example.com,140.23
380,Nguyen Van 380,user380@example.com,140.6
381,Nguyen Van 381,user381@example.com,140.97
382,Nguyen Van 382,user382@example.com,141.34
383,Nguyen Van 383,user383@example.com,141.71
384,Nguyen Van 384,user384@example.com,142.08
385,Nguyen Van 385,user385@example.com,142.45
386,Nguyen Van 386,user386@example.com,142.82
387,Nguyen Van 387,user387@example.com,143.19
388,Nguyen Van 388,user388@example.com,143.56
389,Nguyen Van 389,user389@example.com,143.93
390,Nguyen Van 390,user390@example.com,144.3
391,Nguyen Van 391,user391@example.com,144.67
392,Nguyen Van 392,user392@example.com,145.04
393,Nguyen Van 393,user393@example.com,145.41
394,Nguyen Van 394,user394@example.com,145.78
395,Nguyen Van 395,user395@example.com,146.15
396,Nguyen Van 396,user396@example.com,146.52
397,Nguyen Van 397,user397@example.com,146.89
398,Nguyen Van 398,user398@example.com,147.26
399,Nguyen Van 399,user399@example.com,147.63
400,Nguyen Van 400,user400@example.com,148.0
401,Nguyen Van 401,user401@example.com,148.37
402,Nguyen Van 402,user402@example.com,148.74
403,Nguyen Van 403,user403@example.com,149.11
404,Nguyen Van 404,user404@example.com,149.48
405,Nguyen Van 405,user405@example.com,149.85
406,Nguyen Van 406,user406@example.com,150.22
407,Nguyen Van 407,user407@example.com,150.59
408,Nguyen Van 408,user408@example.com,150.96
409,Nguyen Van 409,user409@example.com,151.33
410,Nguyen Van 410,user410@example.com,151.7
411,Nguyen Van 411,user411@example.com,152.07
412,Nguyen Van 412,user412@example.com,152.44
413,Nguyen Van 413,user413@example.com,152.81
414,Nguyen Van 414,user414@example.com,153.18
415,Nguyen Van 415,user415@example.com,153.55
416,Nguyen Van 416,user416@example.com,153.92
417,Nguyen Van 417,user417@example.com,154.29
418,Nguyen Van 418,user418@example.com,154.66
419,Nguyen Van 419,user419@example.com,155.03
420,Nguyen Van 420,user420@example.com,155.4
421,Nguyen Van 421,user421@example.com,155.77
422,Nguyen Van 422,user422@example.com,156.14
423,Nguyen Van 423,user423@example.com,156.51
424,Nguyen Van 424,user424@example.com,156.88
425,Nguyen Van 425,user425@example.com,157.25
426,Nguyen Van 426,user426@example.com,157.62
427,Nguyen Van 427,user427@example.com,157.99
428,Nguyen Van 428,user428@example.com,158.36
429,Nguyen Van 429,user429@example.com,158.73
430,Nguyen Van 430,user430@example.com,159.1
431,Nguyen Van 431,user431@example.com,159.47
432,Nguyen Van 432,user432@example.com,159.84
433,Nguyen Van 433,user433@example.com,160.21
434,Nguyen Van 434,user434@example.com,160.58
435,Nguyen Van 435,user435@example.com,160.95
436,Nguyen Van 436,user436@example.com,161.32
437,Nguyen Van 437,user437@example.com,161.69
438,Nguyen Van 438,user438@example.com,162.06
439,Nguyen Van 439,user439@example.com,162.43
440,Nguyen Van 440,user440@example.com,162.8
441,Nguyen Van 441,user441@example.com,163.17
442,Nguyen Van 442,user442@example.com,163.54
443,Nguyen Van 443,user443@example.com,163.91
444,Nguyen Van 444,user444@example.com,164.28
445,Nguyen Van 445,user445@example.com,164.65
446,Nguyen Van 446,user446@example.com,165.02
447,Nguyen Van 447,user447@example.com,165.39
448,Nguyen Van 448,user448@example.com,165.76
449,Nguyen Van 449,user449@example.com,166.13
450,Nguyen Van 450,user450@example.com,166.5
451,Nguyen Van 451,user451@example.com,166.87
452,Nguyen Van 452,user452@example.com,167.24
453,Nguyen Van 453,user453@example.com,167.61
454,Nguyen Van 454,user454@example.com,167.98
455,Nguyen Van 455,user455@example.com,168.35
456,Nguyen Van 456,user456@example.com,168.72
457,Nguyen Van 457,user457@example.com,169.09
458,Nguyen Van 458,user458@example.com,169.46
459,Nguyen Van 459,user459@example.com,169.83
460,Nguyen Van 460,user460@example.com,170.2
461,Nguyen Van 461,user461@example.com,170.57
462,Nguyen Van 462,user462@example.com,170.94
463,Nguyen Van 463,user463@example.com,171.31
464,Nguyen Van 464,user464@example.com,171.68
465,Nguyen Van 465,user465@example.com,172.05
466,Nguyen Van 466,user466@example.com,172.42
467,Nguyen Van 467,user467@example.com,172.79
468,Nguyen Van 468,user468@example.com,173.16
469,Nguyen Van 469,user469@example.com,173.53
470,Nguyen Van 470,user470@example.com,173.9
471,Nguyen Van 471,user471@example.com,174.27
472,Nguyen Van 472,user472@example.com,174.64
473,Nguyen Van 473,user473@example.com,175.01
474,Nguyen Van 474,user474@example.com,175.38
475,Nguyen Van 475,user475@example.com,175.75
476,Nguyen Van 476,user476@example.com,176.12
477,Nguyen Van 477,user477@example.com,176.49
478,Nguyen Van 478,user478@example.com,176.86
479,Nguyen Van 479,user479@example.com,177.23
480,Nguyen Van 480,user480@example.com,177.6
481,Nguyen Van 481,user481@example.com,177.97
482,Nguyen Van 482,user482@example.com,178.34
483,Nguyen Van 483,user483@example.com,178.71
484,Nguyen Van 484,user484@example.com,179.08
485,Nguyen Van 485,user485@example.com,179.45
486,Nguyen Van 486,user486@example.com,179.82
487,Nguyen Van 487,user487@example.com,180.19
488,Nguyen Van 488,user488@example.com,180.56
489,Nguyen Van 489,user489@example.com,180.93
490,Nguyen Van 490,user490@example.com,181.3
491,Nguyen Van 491,user491@example.com,181.67
492,Nguyen Van 492,user492@example.com,182.04
493,Nguyen Van 493,user493@example.com,182.41
494,Nguyen Van 494,user494@example.com,182.78
495,Nguyen Van 495,user495@example.com,183.15
496,Nguyen Van 496,user496@example.com,183.52
497,Nguyen Van 497,user497@example.com,183.89
498,Nguyen Van 498,user498@example.com,184.26
499,Nguyen Van 499,user499@example.com,184.63
500,Nguyen Van 500,user500@example.com,185.0
501,Nguyen Van 501,user501@example.com,185.37
502,Nguyen Van 502,user502@example.com,185.74
503,Nguyen Van 503,user503@example.com,186.11
504,Nguyen Van 504,user504@example.com,186.48
505,Nguyen Van 505,user505@example.com,186.85
506,Nguyen Van 506,user506@example.com,187.22
507,Nguyen Van 507,user507@example.com,187.59
508,Nguyen Van 508,user508@example.com,187.96
509,Nguyen Van 509,user509@example.com,188.33
510,Nguyen Van 510,user510@example.com,188.7
511,Nguyen Van 511,user511@example.com,189.07
512,Nguyen Van 512,user512@example.com,189.44
513,Nguyen Van 513,user513@example.com,189.81
514,Nguyen Van 514,user514@example.com,190.18
515,Nguyen Van 515,user515@example.com,190.55
516,Nguyen Van 516,user516@example.com,190.92
517,Nguyen Van 517,user517@example.com,191.29
518,Nguyen Van 518,user518@example.com,191.66
519,Nguyen Van 519,user519@example.com,192.03
520,Nguyen Van 520,user520@example.com,192.4
521,Nguyen Van 521,user521@example.com,192.77
522,Nguyen Van 522,user522@example.com,193.14
523,Nguyen Van 523,user523@example.com,193.51
524,Nguyen Van 524,user524@example.com,193.88
525,Nguyen Van 525,user525@example.com,194.25
526,Nguyen Van 526,user526@example.com,194.62
527,Nguyen Van 527,user527@example.com,194.99
528,Nguyen Van 528,user528@example.com,195.36
529,Nguyen Van 529,user529@example.com,195.73
530,Nguyen Van 530,user530@example.com,196.1
531,Nguyen Van 531,user531@example.com,196.47
532,Nguyen Van 532,user532@example.com,196.84
533,Nguyen Van 533,user533@example.com,197.21
534,Nguyen Van 534,user534@example.com,197.58
535,Nguyen Van 535,user535@example.com,197.95
536,Nguyen Van 536,user536@example.com,198.32
537,Nguyen Van 537,user537@example.com,198.69
538,Nguyen Van 538,user538@example.com,199.06
539,Nguyen Van 539,user539@example.com,199.43
540,Nguyen Van 540,user540@example.com,199.8
541,Nguyen Van 541,user541@example.com,200.17
542,Nguyen Van 542,user542@example.com,200.54
543,Nguyen Van 543,user543@example.com,200.91
544,Nguyen Van 544,user544@example.com,201.28
545,Nguyen Van 545,user545@example.com,201.65
546,Nguyen Van 546,user546@example.com,202.02
547,Nguyen Van 547,user547@example.com,202.39
548,Nguyen Van 548,user548@example.com,202.76
549,Nguyen Van 549,user549@example.com,203.13
550,Nguyen Van 550,user550@example.com,203.5
551,Nguyen Van 551,user551@example.com,203.87
552,Nguyen Van 552,user552@example.com,204.24
553,Nguyen Van 553,user553@example.com,204.61
554,Nguyen Van 554,user554@example.com,204.98
555,Nguyen Van 555,user555@example.com,205.35
556,Nguyen Van 556,user556@example.com,205.72
557,Nguyen Van 557,user557@example.com,206.09
558,Nguyen Van 558,user558@example.com,206.46
559,Nguyen Van 559,user559@example.com,206.83
560,Nguyen Van 560,user560@example.com,207.2
561,Nguyen Van 561,user561@example.com,207.57
562,Nguyen Van 562,user562@example.com,207.94
563,Nguyen Van 563,user563@example.com,208.31
564,Nguyen Van 564,user564@example.com,208.68
565,Nguyen Van 565,user565@example.com,209.05
566,Nguyen Van 566,user566@example.com,209.42
567,Nguyen Van 567,user567@example.com,209.79
568,Nguyen Van 568,user568@example.com,210.16
569,Nguyen Van 569,user569@example.com,210.53
570,Nguyen Van 570,user570@example.com,210.9
571,Nguyen Van 571,user571@example.com,211.27
572,Nguyen Van 572,user572@example.com,211.64
573,Nguyen Van 573,user573@example.com,212.01
574,Nguyen Van 574,user574@example.com,212.38
575,Nguyen Van 575,user575@example.com,212.75
576,Nguyen Van 576,user576@example.com,213.12
577,Nguyen Van 577,user577@example.com,213.49
578,Nguyen Van 578,user578@example.com,213.86
579,Nguyen Van 579,user579@example.com,214.23
580,Nguyen Van 580,user580@example.com,214.6
581,Nguyen Van 581,user581@example.com,214.97
582,Nguyen Van 582,user582@example.com,215.34
583,Nguyen Van 583,user583@example.com,215.71
584,Nguyen Van 584,user584@example.com,216.08
585,Nguyen Van 585,user585@example.com,216.45
586,Nguyen Van 586,user586@example.com,216.82
587,Nguyen Van 587,user587@example.com,217.19
588,Nguyen Van 588,user588@example.com,217.56
589,Nguyen Van 589,user589@example.com,217.93
590,Nguyen Van 590,user590@example.com,218.3
591,Nguyen Van 591,user591@example.com,218.67
592,Nguyen Van 592,user592@example.com,219.04
593,Nguyen Van 593,user593@example.com,219.41
594,Nguyen Van 594,user594@example.com,219.78
595,Nguyen Van 595,user595@example.com,220.15
596,Nguyen Van 596,user596@example.com,220.52
597,Nguyen Van 597,user597@example.com,220.89
598,Nguyen Van 598,user598@example.com,221.26
599,Nguyen Van 599,user599@example.com,221.63
600,Nguyen Van 600,user600@example.com,222.0
601,Nguyen Van 601,user601@example.com,222.37
602,Nguyen Van 602,user602@example.com,222.74
603,Nguyen Van 603,user603@example.com,223.11
604,Nguyen Van 604,user604@example.com,223.48
605,Nguyen Van 605,user605@example.com,223.85
606,Nguyen Van 606,user606@example.com,224.22
607,Nguyen Van 607,user607@example.com,224.59
608,Nguyen Van 608,user608@example.com,224.96
609,Nguyen Van 609,user609@example.com,225.33
610,Nguyen Van 610,user610@example.com,225.7
611,Nguyen Van 611,user611@example.com,226.07
612,Nguyen Van 612,user612@example.com,226.44
613,Nguyen Van 613,user613@example.com,226.81
614,Nguyen Van 614,user614@example.com,227.18
615,Nguyen Van 615,user615@example.com,227.55
616,Nguyen Van 616,user616@example.com,227.92
617,Nguyen Van 617,user617@example.com,228.29
618,Nguyen Van 618,user618@example.com,228.66
619,Nguyen Van 619,user619@example.com,229.03
620,Nguyen Van 620,user620@example.com,229.4
621,Nguyen Van 621,user621@example.com,229.77
622,Nguyen Van 622,user622@example.com,230.14
623,Nguyen Van 623,user623@example.com,230.51
624,Nguyen Van 624,user624@example.com,230.88
625,Nguyen Van 625,user625@example.com,231.25
626,Nguyen Van 626,user626@example.com,231.62
627,Nguyen Van 627,user627@example.com,231.99
628,Nguyen Van 628,user628@example.com,232.36
629,Nguyen Van 629,user629@example.com,232.73
630,Nguyen Van 630,user630@example.com,233.1
631,Nguyen Van 631,user631@example.com,233.47
632,Nguyen Van 632,user632@example.com,233.84
633,Nguyen Van 633,user633@example.com,234.21
634,Nguyen Van 634,user634@example.com,234.58
635,Nguyen Van 635,user635@example.com,234.95
636,Nguyen Van 636,user636@example.com,235.32
637,Nguyen Van 637,user637@example.com,235.69
638,Nguyen Van 638,user638@example.com,236.06
639,Nguyen Van 639,user639@example.com,236.43
640,Nguyen Van 640,user640@example.com,236.8
641,Nguyen Van 641,user641@example.com,237.17
642,Nguyen Van 642,user642@example.com,237.54
643,Nguyen Van 643,user643@example.com,237.91
644,Nguyen Van 644,user644@example.com,238.28
645,Nguyen Van 645,user645@example.com,238.65
646,Nguyen Van 646,user646@example.com,239.02
647,Nguyen Van 647,user647@example.com,239.39
648,Nguyen Van 648,user648@example.com,239.76
649,Nguyen Van 649,user649@example.com,240.13
650,Nguyen Van 650,user650@example.com,240.5
651,Nguyen Van 651,user651@example.com,240.87
652,Nguyen Van 652,user652@example.com,241.24
653,Nguyen Van 653,user653@example.com,241.61
654,Nguyen Van 654,user654@example.com,241.98
655,Nguyen Van 655,user655@example.com,242.35
656,Nguyen Van 656,user656@example.com,242.72
657,Nguyen Van 657,user657@example.com,243.09
658,Nguyen Van 658,user658@example.com,243.46
659,Nguyen Van 659,user659@example.com,243.83
660,Nguyen Van 660,user660@example.com,244.2
661,Nguyen Van 661,user661@example.com,244.57
662,Nguyen Van 662,user662@example.com,244.94
663,Nguyen Van 663,user663@example.com,245.31
664,Nguyen Van 664,user664@example.com,245.68
665,Nguyen Van 665,user665@example.com,246.05
666,Nguyen Van 666,user666@example.com,246.42
667,Nguyen Van 667,user667@example.com,246.79
668,Nguyen Van 668,user668@example.com,247.16
669,Nguyen Van 669,user669@example.com,247.53
670,Nguyen Van 670,user670@example.com,247.9
671,Nguyen Van 671,user671@example.com,248.27
672,Nguyen Van 672,user672@example.com,248.64
673,Nguyen Van 673,user673@example.com,249.01
674,Nguyen Van 674,user674@example.com,249.38
675,Nguyen Van 675,user675@example.com,249.75
676,Nguyen Van 676,user676@example.com,250.12
677,Nguyen Van 677,user677@example.com,250.49
678,Nguyen Van 678,user678@example.com,250.86
679,Nguyen Van 679,user679@example.com,251.23
680,Nguyen Van 680,user680@example.com,251.6
681,Nguyen Van 681,user681@example.com,251.97
682,Nguyen Van 682,user682@example.com,252.34
683,Nguyen Van 683,user683@example.com,252.71
684,Nguyen Van 684,user684@example.com,253.08
685,Nguyen Van 685,user685@example.com,253.45
686,Nguyen Van 686,user686@example.com,253.82
687,Nguyen Van 687,user687@example.com,254.19
688,Nguyen Van 688,user688@example.com,254.56
689,Nguyen Van 689,user689@example.com,254.93
690,Nguyen Van 690,user690@example.com,255.3
691,Nguyen Van 691,user691@example.com,255.67
692,Nguyen Van 692,user692@example.com,256.04
693,Nguyen Van 693,user693@example.com,256.41
694,Nguyen Van 694,user694@example.com,256.78
695,Nguyen Van 695,user695@example.com,257.15
696,Nguyen Van 696,user696@example.com,257.52
697,Nguyen Van 697,user697@example.com,257.89
698,Nguyen Van 698,user698@example.com,258.26
699,Nguyen Van 699,user699@example.com,258.63
700,Nguyen Van 700,user700@example.com,259.0
701,Nguyen Van 701,user701@example.com,259.37
702,Nguyen Van 702,user702@example.com,259.74
703,Nguyen Van 703,user703@example.com,260.11
704,Nguyen Van 704,user704@example.com,260.48
705,Nguyen Van 705,user705@example.com,260.85
706,Nguyen Van 706,user706@example.com,261.22
707,Nguyen Van 707,user707@example.com,261.59
708,Nguyen Van 708,user708@example.com,261.96
709,Nguyen Van 709,user709@example.com,262.33
710,Nguyen Van 710,user710@example.com,262.7
711,Nguyen Van 711,user711@example.com,263.07
712,Nguyen Van 712,user712@example.com,263.44
713,Nguyen Van 713,user713@example.com,263.81
714,Nguyen Van 714,user714@example.com,264.18
715,Nguyen Van 715,user715@example.com,264.55
716,Nguyen Van 716,user716@example.com,264.92
717,Nguyen Van 717,user717@example.com,265.29
718,Nguyen Van 718,user718@example.com,265.66
719,Nguyen Van 719,user719@example.com,266.03
720,Nguyen Van 720,user720@example.com,266.4
721,Nguyen Van 721,user721@example.com,266.77
722,Nguyen Van 722,user722@example.com,267.14
723,Nguyen Van 723,user723@example.com,267.51
724,Nguyen Van 724,user724@example.com,267.88
725,Nguyen Van 725,user725@example.com,268.25
726,Nguyen Van 726,user726@example.com,268.62
727,Nguyen Van 727,user727@example.com,268.99
728,Nguyen Van 728,user728@example.com,269.36
729,Nguyen Van 729,user729@example.com,269.73
730,Nguyen Van 730,user730@example.com,270.1
731,Nguyen Van 731,user731@example.com,270.47
732,Nguyen Van 732,user732@example.com,270.84
733,Nguyen Van 733,user733@example.com,271.21
734,Nguyen Van 734,user734@example.com,271.58
735,Nguyen Van 735,user735@example.com,271.95
736,Nguyen Van 736,user736@example.com,272.32
737,Nguyen Van 737,user737@example.com,272.69
738,Nguyen Van 738,user738@example.com,273.06
739,Nguyen Van 739,user739@example.com,273.43
740,Nguyen Van 740,user740@example.com,273.8
741,Nguyen Van 741,user741@example.com,274.17
742,Nguyen Van 742,user742@example.com,274.54
743,Nguyen Van 743,user743@example.com,274.91
744,Nguyen Van 744,user744@example.com,275.28
745,Nguyen Van 745,user745@example.com,275.65
746,Nguyen Van 746,user746@example.com,276.02
747,Nguyen Van 747,user747@example.com,276.39
748,Nguyen Van 748,user748@example.com,276.76
749,Nguyen Van 749,user749@example.com,277.13
750,Nguyen Van 750,user750@example.com,277.5
751,Nguyen Van 751,user751@example.com,277.87
752,Nguyen Van 752,user752@example.com,278.24
753,Nguyen Van 753,user753@example.com,278.61
754,Nguyen Van 754,user754@example.com,278.98
755,Nguyen Van 755,user755@example.com,279.35
756,Nguyen Van 756,user756@example.com,279.72
757,Nguyen Van 757,user757@example.com,280.09
758,Nguyen Van 758,user758@example.com,280.46
759,Nguyen Van 759,user759@example.com,280.83
760,Nguyen Van 760,user760@example.com,281.2
761,Nguyen Van 761,user761@example.com,281.57
762,Nguyen Van 762,user762@example.com,281.94
763,Nguyen Van 763,user763@example.com,282.31
764,Nguyen Van 764,user764@example.com,282.68
765,Nguyen Van 765,user765@example.com,283.05
766,Nguyen Van 766,user766@example.com,283.42
767,Nguyen Van 767,user767@example.com,283.79
768,Nguyen Van 768,user768@example.com,284.16
769,Nguyen Van 769,user769@example.com,284.53
770,Nguyen Van 770,user770@example.com,284.9
771,Nguyen Van 771,user771@example.com,285.27
772,Nguyen Van 772,user772@example.com,285.64
773,Nguyen Van 773,user773@example.com,286.01
774,Nguyen Van 774,user774@example.com,286.38
775,Nguyen Van 775,user775@example.com,286.75
776,Nguyen Van 776,user776@example.com,287.12
777,Nguyen Van 777,user777@example.com,287.49
778,Nguyen Van 778,user778@example.com,287.86
779,Nguyen Van 779,user779@example.com,288.23
780,Nguyen Van 780,user780@example.com,288.6
781,Nguyen Van 781,user781@example.com,288.97
782,Nguyen Van 782,user782@example.com,289.34
783,Nguyen Van 783,user783@example.com,289.71
784,Nguyen Van 784,user784@example.com,290.08
785,Nguyen Van 785,user785@example.com,290.45
786,Nguyen Van 786,user786@example.com,290.82
787,Nguyen Van 787,user787@example.com,291.19
788,Nguyen Van 788,user788@example.com,291.56
789,Nguyen Van 789,user789@example.com,291.93
790,Nguyen Van 790,user790@example.com,292.3
791,Nguyen Van 791,user791@example.com,292.67
792,Nguyen Van 792,user792@example.com,293.04
793,Nguyen Van 793,user793@example.com,293.41
794,Nguyen Van 794,user794@example.com,293.78
795,Nguyen Van 795,user795@example.com,294.15
796,Nguyen Van 796,user796@example.com,294.52
797,Nguyen Van 797,user797@example.com,294.89
798,Nguyen Van 798,user798@example.com,295.26
799,Nguyen Van 799,user799@example.com,295.63
800,Nguyen Van 800,user800@example.com,296.0
801,Nguyen Van 801,user801@example.com,296.37
802,Nguyen Van 802,user802@example.com,296.74
803,Nguyen Van 803,user803@example.com,297.11
804,Nguyen Van 804,user804@example.com,297.48
805,Nguyen Van 805,user805@example.com,297.85
806,Nguyen Van 806,user806@example.com,298.22
807,Nguyen Van 807,user807@example.com,298.59
808,Nguyen Van 808,user808@example.com,298.96
809,Nguyen Van 809,user809@example.com,299.33
810,Nguyen Van 810,user810@example.com,299.7
811,Nguyen Van 811,user811@example.com,300.07
812,Nguyen Van 812,user812@example.com,300.44
813,Nguyen Van 813,user813@example.com,300.81
814,Nguyen Van 814,user814@example.com,301.18
815,Nguyen Van 815,user815@example.com,301.55
816,Nguyen Van 816,user816@example.com,301.92
817,Nguyen Van 817,user817@example.com,302.29
818,Nguyen Van 818,user818@example.com,302.66
819,Nguyen Van 819,user819@example.com,303.03
820,Nguyen Van 820,user820@example.com,303.4
821,Nguyen Van 821,user821@example.com,303.77
822,Nguyen Van 822,user822@example.com,304.14
823,Nguyen Van 823,user823@example.com,304.51
824,Nguyen Van 824,user824@example.com,304.88
825,Nguyen Van 825,user825@example.com,305.25
826,Nguyen Van 826,user826@example.com,305.62
827,Nguyen Van 827,user827@example.com,305.99
828,Nguyen Van 828,user828@example.com,306.36
829,Nguyen Van 829,user829@example.com,306.73
830,Nguyen Van 830,user830@example.com,307.1
831,Nguyen Van 831,user831@example.com,307.47
832,Nguyen Van 832,user832@example.com,307.84
833,Nguyen Van 833,user833@example.com,308.21
834,Nguyen Van 834,user834@example.com,308.58
835,Nguyen Van 835,user835@example.com,308.95
836,Nguyen Van 836,user836@example.com,309.32
837,Nguyen Van 837,user837@example.com,309.69
838,Nguyen Van 838,user838@example.com,310.06
839,Nguyen Van 839,user839@example.com,310.43
840,Nguyen Van 840,user840@example.com,310.8
841,Nguyen Van 841,user841@example.com,311.17
842,Nguyen Van 842,user842@example.com,311.54
843,Nguyen Van 843,user843@example.com,311.91
844,Nguyen Van 844,user844@example.com,312.28
845,Nguyen Van 845,user845@example.com,312.65
846,Nguyen Van 846,user846@example.com,313.02
847,Nguyen Van 847,user847@example.com,313.39
848,Nguyen Van 848,user848@example.com,313.76
849,Nguyen Van 849,user849@example.com,314.13
850,Nguyen Van 850,user850@example.com,314.5
851,Nguyen Van 851,user851@example.com,314.87
852,Nguyen Van 852,user852@example.com,315.24
853,Nguyen Van 853,user853@example.com,315.61
854,Nguyen Van 854,user854@example.com,315.98
855,Nguyen Van 855,user855@example.com,316.35
856,Nguyen Van 856,user856@example.com,316.72
857,Nguyen Van 857,user857@example.com,317.09
858,Nguyen Van 858,user858@example.com,317.46
859,Nguyen Van 859,user859@example.com,317.83
860,Nguyen Van 860,user860@example.com,318.2
861,Nguyen Van 861,user861@example.com,318.57
862,Nguyen Van 862,user862@example.com,318.94
863,Nguyen Van 863,user863@example.com,319.31
864,Nguyen Van 864,user864@example.com,319.68
865,Nguyen Van 865,user865@example.com,320.05
866,Nguyen Van 866,user866@example.com,320.42
867,Nguyen Van 867,user867@example.com,320.79
868,Nguyen Van 868,user868@example.com,321.16
869,Nguyen Van 869,user869@example.com,321.53
870,Nguyen Van 870,user870@example.com,321.9
871,Nguyen Van 871,user871@example.com,322.27
872,Nguyen Van 872,user872@example.com,322.64
873,Nguyen Van 873,user873@example.com,323.01
874,Nguyen Van 874,user874@example.com,323.38
875,Nguyen Van 875,user875@example.com,323.75
876,Nguyen Van 876,user876@example.com,324.12
877,Nguyen Van 877,user877@example.com,324.49
878,Nguyen Van 878,user878@example.com,324.86
879,Nguyen Van 879,user879@example.com,325.23
880,Nguyen Van 880,user880@example.com,325.6
881,Nguyen Van 881,user881@example.com,325.97
882,Nguyen Van 882,user882@example.com,326.34
883,Nguyen Van 883,user883@example.com,326.71
884,Nguyen Van 884,user884@example.com,327.08
885,Nguyen Van 885,user885@example.com,327.45
886,Nguyen Van 886,user886@example.com,327.82
887,Nguyen Van 887,user887@example.com,328.19
888,Nguyen Van 888,user888@example.com,328.56
889,Nguyen Van 889,user889@example.com,328.93
890,Nguyen Van 890,user890@example.com,329.3
891,Nguyen Van 891,user891@example.com,329.67
892,Nguyen Van 892,user892@example.com,330.04
893,Nguyen Van 893,user893@example.com,330.41
894,Nguyen Van 894,user894@example.com,330.78
895,Nguyen Van 895,user895@example.com,331.15
896,Nguyen Van 896,user896@example.com,331.52
897,Nguyen Van 897,user897@example.com,331.89
898,Nguyen Van 898,user898@example.com,332.26
899,Nguyen Van 899,user899@example.com,332.63
900,Nguyen Van 900,user900@example.com,333.0
901,Nguyen Van 901,user901@example.com,333.37
902,Nguyen Van 902,user902@example.com,333.74
903,Nguyen Van 903,user903@example.com,334.11
904,Nguyen Van 904,user904@example.com,334.48
905,Nguyen Van 905,user905@example.com,334.85
906,Nguyen Van 906,user906@example.com,335.22
907,Nguyen Van 907,user907@example.com,335.59
908,Nguyen Van 908,user908@example.com,335.96
909,Nguyen Van 909,user909@example.com,336.33
910,Nguyen Van 910,user910@example.com,336.7
911,Nguyen Van 911,user911@example.com,337.07
912,Nguyen Van 912,user912@example.com,337.44
913,Nguyen Van 913,user913@example.com,337.81
914,Nguyen Van 914,user914@example.com,338.18
915,Nguyen Van 915,user915@example.com,338.55
916,Nguyen Van 916,user916@example.com,338.92
917,Nguyen Van 917,user917@example.com,339.29
918,Nguyen Van 918,user918@example.com,339.66
919,Nguyen Van 919,user919@example.com,340.03
920,Nguyen Van 920,user920@example.com,340.4
921,Nguyen Van 921,user921@example.com,340.77
922,Nguyen Van 922,user922@example.com,341.14
923,Nguyen Van 923,user923@example.com,341.51
924,Nguyen Van 924,user924@example.com,341.88
925,Nguyen Van 925,user925@example.com,342.25
926,Nguyen Van 926,user926@example.com,342.62
927,Nguyen Van 927,user927@example.com,342.99
928,Nguyen Van 928,user928@example.com,343.36
929,Nguyen Van 929,user929@example.com,343.73
930,Nguyen Van 930,user930@example.com,344.1
931,Nguyen Van 931,user931@example.com,344.47
932,Nguyen Van 932,user932@example.com,344.84
933,Nguyen Van 933,user933@example.com,345.21
934,Nguyen Van 934,user934@example.com,345.58
935,Nguyen Van 935,user935@example.com,345.95
936,Nguyen Van 936,user936@example.com,346.32
937,Nguyen Van 937,user937@example.com,346.69
938,Nguyen Van 938,user938@example.com,347.06
939,Nguyen Van 939,user939@example.com,347.43
940,Nguyen Van 940,user940@example.com,347.8
941,Nguyen Van 941,user941@example.com,348.17
942,Nguyen Van 942,user942@example.com,348.54
943,Nguyen Van 943,user943@example.com,348.91
944,Nguyen Van 944,user944@example.com,349.28
945,Nguyen Van 945,user945@example.com,349.65
946,Nguyen Van 946,user946@example.com,350.02
947,Nguyen Van 947,user947@example.com,350.39
948,Nguyen Van 948,user948@example.com,350.76
949,Nguyen Van 949,user949@example.com,351.13
950,Nguyen Van 950,user950@example.com,351.5
951,Nguyen Van 951,user951@example.com,351.87
952,Nguyen Van 952,user952@example.com,352.24
953,Nguyen Van 953,user953@example.com,352.61
954,Nguyen Van 954,user954@example.com,352.98
955,Nguyen Van 955,user955@example.com,353.35
956,Nguyen Van 956,user956@example.com,353.72
957,Nguyen Van 957,user957@example.com,354.09
958,Nguyen Van 958,user958@example.com,354.46
959,Nguyen Van 959,user959@example.com,354.83
960,Nguyen Van 960,user960@example.com,355.2
961,Nguyen Van 961,user961@example.com,355.57
962,Nguyen Van 962,user962@example.com,355.94
963,Nguyen Van 963,user963@example.com,356.31
964,Nguyen Van 964,user964@example.com,356.68
965,Nguyen Van 965,user965@example.com,357.05
966,Nguyen Van 966,user966@example.com,357.42
967,Nguyen Van 967,user967@example.com,357.79
968,Nguyen Van 968,user968@example.com,358.16
969,Nguyen Van 969,user969@example.com,358.53
970,Nguyen Van 970,user970@example.com,358.9
971,Nguyen Van 971,user971@example.com,359.27
972,Nguyen Van 972,user972@example.com,359.64
973,Nguyen Van 973,user973@example.com,360.01
974,Nguyen Van 974,user974@example.com,360.38
975,Nguyen Van 975,user975@example.com,360.75
976,Nguyen Van 976,user976@example.com,361.12
977,Nguyen Van 977,user977@example.com,361.49
978,Nguyen Van 978,user978@example.com,361.86
979,Nguyen Van 979,user979@example.com,362.23
980,Nguyen Van 980,user980@example.com,362.6
981,Nguyen Van 981,user981@example.com,362.97
982,Nguyen Van 982,user982@example.com,363.34
983,Nguyen Van 983,user983@example.com,363.71
984,Nguyen Van 984,user984@example.com,364.08
985,Nguyen Van 985,user985@example.com,364.45
986,Nguyen Van 986,user986@example.com,364.82
987,Nguyen Van 987,user987@example.com,365.19
988,Nguyen Van 988,user988@example.com,365.56
989,Nguyen Van 989,user989@example.com,365.93
990,Nguyen Van 990,user990@example.com,366.3
991,Nguyen Van 991,user991@example.com,366.67
992,Nguyen Van 992,user992@example.com,367.04
993,Nguyen Van 993,user993@example.com,367.41
994,Nguyen Van 994,user994@example.com,367.78
995,Nguyen Van 995,user995@example.com,368.15
996,Nguyen Van 996,user996@example.com,368.52
997,Nguyen Van 997,user997@example.com,368.89
998,Nguyen Van 998,user998@example.com,369.26
999,Nguyen Van 999,user999@example.com,369.63
1000,Nguyen Van 1000,user1000@example.com,370.0
1001,Nguyen Van 1001,user1001@example.com,370.37
1002,Nguyen Van 1002,user1002@example.com,370.74
1003,Nguyen Van 1003,user1003@example.com,371.11
1004,Nguyen Van 1004,user1004@example.com,371.48
1005,Nguyen Van 1005,user1005@example.com,371.85
1006,Nguyen Van 1006,user1006@example.com,372.22
1007,Nguyen Van 1007,user1007@example.com,372.59
1008,Nguyen Van 1008,user1008@example.com,372.96
1009,Nguyen Van 1009,user1009@example.com,373.33
1010,Nguyen Van 1010,user1010@example.com,373.7
1011,Nguyen Van 1011,user1011@example.com,374.07
1012,Nguyen Van 1012,user1012@example.com,374.44
1013,Nguyen Van 1013,user1013@example.com,374.81
1014,Nguyen Van 1014,user1014@example.com,375.18
1015,Nguyen Van 1015,user1015@example.com,375.55
1016,Nguyen Van 1016,user1016@example.com,375.92
1017,Nguyen Van 1017,user1017@example.com,376.29
1018,Nguyen Van 1018,user1018@example.com,376.66
1019,Nguyen Van 1019,user1019@example.com,377.03
1020,Nguyen Van 1020,user1020@example.com,377.4
1021,Nguyen Van 1021,user1021@example.com,377.77
1022,Nguyen Van 1022,user1022@example.com,378.14
1023,Nguyen Van 1023,user1023@example.com,378.51
1024,Nguyen Van 1024,user1024@example.com,378.88
1025,Nguyen Van 1025,user1025@example.com,379.25
1026,Nguyen Van 1026,user1026@example.com,379.62
1027,Nguyen Van 1027,user1027@example.com,379.99
1028,Nguyen Van 1028,user1028@example.com,380.36
1029,Nguyen Van 1029,user1029@example.com,380.73
1030,Nguyen Van 1030,user1030@example.com,381.1
1031,Nguyen Van 1031,user1031@example.com,381.47
1032,Nguyen Van 1032,user1032@example.com,381.84
1033,Nguyen Van 1033,user1033@example.com,382.21
1034,Nguyen Van 1034,user1034@example.com,382.58
1035,Nguyen Van 1035,user1035@example.com,382.95
1036,Nguyen Van 1036,user1036@example.com,383.32
1037,Nguyen Van 1037,user1037@example.com,383.69
1038,Nguyen Van 1038,user1038@example.com,384.06
1039,Nguyen Van 1039,user1039@example.com,384.43
1040,Nguyen Van 1040,user1040@example.com,384.8
1041,Nguyen Van 1041,user1041@example.com,385.17
1042,Nguyen Van 1042,user1042@example.com,385.54
1043,Nguyen Van 1043,user1043@example.com,385.91
1044,Nguyen Van 1044,user1044@example.com,386.28
1045,Nguyen Van 1045,user1045@example.com,386.65
1046,Nguyen Van 1046,user1046@example.com,387.02
1047,Nguyen Van 1047,user1047@example.com,387.39
1048,Nguyen Van 1048,user1048@example.com,387.76
1049,Nguyen Van 1049,user1049@example.com,388.13
1050,Nguyen Van 1050,user1050@example.com,388.5
1051,Nguyen Van 1051,user1051@example.com,388.87
1052,Nguyen Van 1052,user1052@example.com,389.24
1053,Nguyen Van 1053,user1053@example.com,389.61
1054,Nguyen Van 1054,user1054@example.com,389.98
1055,Nguyen Van 1055,user1055@example.com,390.35
1056,Nguyen Van 1056,user1056@example.com,390.72
1057,Nguyen Van 1057,user1057@example.com,391.09
1058,Nguyen Van 1058,user1058@example.com,391.46
1059,Nguyen Van 1059,user1059@example.com,391.83
1060,Nguyen Van 1060,user1060@example.com,392.2
1061,Nguyen Van 1061,user1061@example.com,392.57
1062,Nguyen Van 1062,user1062@example.com,392.94
1063,Nguyen Van 1063,user1063@example.com,393.31
1064,Nguyen Van 1064,user1064@example.com,393.68
1065,Nguyen Van 1065,user1065@example.com,394.05
1066,Nguyen Van 1066,user1066@example.com,394.42
1067,Nguyen Van 1067,user1067@example.com,394.79
1068,Nguyen Van 1068,user1068@example.com,395.16
1069,Nguyen Van 1069,user1069@example.com,395.53
1070,Nguyen Van 1070,user1070@example.com,395.9
1071,Nguyen Van 1071,user1071@example.com,396.27
1072,Nguyen Van 1072,user1072@example.com,396.64
1073,Nguyen Van 1073,user1073@example.com,397.01
1074,Nguyen Van 1074,user1074@example.com,397.38
1075,Nguyen Van 1075,user1075@example.com,397.75
1076,Nguyen Van 1076,user1076@example.com,398.12
1077,Nguyen Van 1077,user1077@example.com,398.49
1078,Nguyen Van 1078,user1078@example.com,398.86
1079,Nguyen Van 1079,user1079@example.com,399.23
1080,Nguyen Van 1080,user1080@example.com,399.6
1081,Nguyen Van 1081,user1081@example.com,399.97
1082,Nguyen Van 1082,user1082@example.com,400.34
1083,Nguyen Van 1083,user1083@example.com,400.71
1084,Nguyen Van 1084,user1084@example.com,401.08
1085,Nguyen Van 1085,user1085@example.com,401.45
1086,Nguyen Van 1086,user1086@example.com,401.82
1087,Nguyen Van 1087,user1087@example.com,402.19
1088,Nguyen Van 1088,user1088@example.com,402.56
1089,Nguyen Van 1089,user1089@example.com,402.93
1090,Nguyen Van 1090,user1090@example.com,403.3
1091,Nguyen Van 1091,user1091@example.com,403.67
1092,Nguyen Van 1092,user1092@example.com,404.04
1093,Nguyen Van 1093,user1093@example.com,404.41
1094,Nguyen Van 1094,user1094@example.com,404.78
1095,Nguyen Van 1095,user1095@example.com,405.15
1096,Nguyen Van 1096,user1096@example.com,405.52
1097,Nguyen Van 1097,user1097@example.com,405.89
1098,Nguyen Van 1098,user1098@example.com,406.26
1099,Nguyen Van 1099,user1099@example.com,406.63
1100,Nguyen Van 1100,user1100@example.com,407.0
1101,Nguyen Van 1101,user1101@example.com,407.37
1102,Nguyen Van 1102,user1102@example.com,407.74
1103,Nguyen Van 1103,user1103@example.com,408.11
1104,Nguyen Van 1104,user1104@example.com,408.48
1105,Nguyen Van 1105,user1105@example.com,408.85
1106,Nguyen Van 1106,user1106@example.com,409.22
1107,Nguyen Van 1107,user1107@example.com,409.59
1108,Nguyen Van 1108,user1108@example.com,409.96
1109,Nguyen Van 1109,user1109@example.com,410.33
1110,Nguyen Van 1110,user1110@example.com,410.7
1111,Nguyen Van 1111,user1111@example.com,411.07
1112,Nguyen Van 1112,user1112@example.com,411.44
1113,Nguyen Van 1113,user1113@example.com,411.81
1114,Nguyen Van 1114,user1114@example.com,412.18
1115,Nguyen Van 1115,user1115@example.com,412.55
1116,Nguyen Van 1116,user1116@example.com,412.92
1117,Nguyen Van 1117,user1117@example.com,413.29
1118,Nguyen Van 1118,user1118@example.com,413.66
1119,Nguyen Van 1119,user1119@example.com,414.03
1120,Nguyen Van 1120,user1120@example.com,414.4
1121,Nguyen Van 1121,user1121@example.com,414.77
1122,Nguyen Van 1122,user1122@example.com,415.14
1123,Nguyen Van 1123,user1123@example.com,415.51
1124,Nguyen Van 1124,user1124@example.com,415.88
1125,Nguyen Van 1125,user1125@example.com,416.25
1126,Nguyen Van 1126,user1126@example.com,416.62
1127,Nguyen Van 1127,user1127@example.com,416.99
1128,Nguyen Van 1128,user1128@example.com,417.36
1129,Nguyen Van 1129,user1129@example.com,417.73
1130,Nguyen Van 1130,user1130@example.com,418.1
1131,Nguyen Van 1131,user1131@example.com,418.47
1132,Nguyen Van 1132,user1132@example.com,418.84
1133,Nguyen Van 1133,user1133@example.com,419.21
1134,Nguyen Van 1134,user1134@example.com,419.58
1135,Nguyen Van 1135,user1135@example.com,419.95
1136,Nguyen Van 1136,user1136@example.com,420.32
1137,Nguyen Van 1137,user1137@example.com,420.69
1138,Nguyen Van 1138,user1138@example.com,421.06
1139,Nguyen Van 1139,user1139@example.com,421.43
1140,Nguyen Van 1140,user1140@example.com,421.8
1141,Nguyen Van 1141,user1141@example.com,422.17
1142,Nguyen Van 1142,user1142@example.com,422.54
1143,Nguyen Van 1143,user1143@example.com,422.91
1144,Nguyen Van 1144,user1144@example.com,423.28
1145,Nguyen Van 1145,user1145@example.com,423.65
1146,Nguyen Van 1146,user1146@example.com,424.02
1147,Nguyen Van 1147,user1147@example.com,424.39
1148,Nguyen Van 1148,user1148@example.com,424.76
1149,Nguyen Van 1149,user1149@example.com,425.13
1150,Nguyen Van 1150,user1150@example.com,425.5
1151,Nguyen Van 1151,user1151@example.com,425.87
1152,Nguyen Van 1152,user1152@example.com,426.24
1153,Nguyen Van 1153,user1153@example.com,426.61
1154,Nguyen Van 1154,user1154@example.com,426.98
1155,Nguyen Van 1155,user1155@example.com,427.35
1156,Nguyen Van 1156,user1156@example.com,427.72
1157,Nguyen Van 1157,user1157@example.com,428.09
1158,Nguyen Van 1158,user1158@example.com,428.46
1159,Nguyen Van 1159,user1159@example.com,428.83
1160,Nguyen Van 1160,user1160@example.com,429.2
1161,Nguyen Van 1161,user1161@example.com,429.57
1162,Nguyen Van 1162,user1162@example.com,429.94
1163,Nguyen Van 1163,user1163@example.com,430.31
1164,Nguyen Van 1164,user1164@example.com,430.68
1165,Nguyen Van 1165,user1165@example.com,431.05
1166,Nguyen Van 1166,user1166@example.com,431.42
1167,Nguyen Van 1167,user1167@example.com,431.79
1168,Nguyen Van 1168,user1168@example.com,432.16
1169,Nguyen Van 1169,user1169@example.com,432.53
1170,Nguyen Van 1170,user1170@example.com,432.9
1171,Nguyen Van 1171,user1171@example.com,433.27
1172,Nguyen Van 1172,user1172@example.com,433.64
1173,Nguyen Van 1173,user1173@example.com,434.01
1174,Nguyen Van 1174,user1174@example.com,434.38
1175,Nguyen Van 1175,user1175@example.com,434.75
1176,Nguyen Van 1176,user1176@example.com,435.12
1177,Nguyen Van 1177,user1177@example.com,435.49
1178,Nguyen Van 1178,user1178@example.com,435.86
1179,Nguyen Van 1179,user1179@example.com,436.23
1180,Nguyen Van 1180,user1180@example.com,436.6
1181,Nguyen Van 1181,user1181@example.com,436.97
1182,Nguyen Van 1182,user1182@example.com,437.34
1183,Nguyen Van 1183,user1183@example.com,437.71
1184,Nguyen Van 1184,user1184@example.com,438.08
1185,Nguyen Van 1185,user1185@example.com,438.45
1186,Nguyen Van 1186,user1186@example.com,438.82
1187,Nguyen Van 1187,user1187@example.com,439.19
1188,Nguyen Van 1188,user1188@example.com,439.56
1189,Nguyen Van 1189,user1189@example.com,439.93
1190,Nguyen Van 1190,user1190@example.com,440.3
1191,Nguyen Van 1191,user1191@example.com,440.67
1192,Nguyen Van 1192,user1192@example.com,441.04
1193,Nguyen Van 1193,user1193@example.com,441.41
1194,Nguyen Van 1194,user1194@example.com,441.78
1195,Nguyen Van 1195,user1195@example.com,442.15
1196,Nguyen Van 1196,user1196@example.com,442.52
1197,Nguyen Van 1197,user1197@example.com,442.89
1198,Nguyen Van 1198,user1198@example.com,443.26
1199,Nguyen Van 1199,user1199@example.com,443.63
1200,Nguyen Van 1200,user1200@example.com,444.0
1201,Nguyen Van 1201,user1201@example.com,444.37
1202,Nguyen Van 1202,user1202@example.com,444.74
1203,Nguyen Van 1203,user1203@example.com,445.11
1204,Nguyen Van 1204,user1204@example.com,445.48
1205,Nguyen Van 1205,user1205@example.com,445.85
1206,Nguyen Van 1206,user1206@example.com,446.22
1207,Nguyen Van 1207,user1207@example.com,446.59
1208,Nguyen Van 1208,user1208@example.com,446.96
1209,Nguyen Van 1209,user1209@example.com,447.33
1210,Nguyen Van 1210,user1210@example.com,447.7
1211,Nguyen Van 1211,user1211@example.com,448.07
1212,Nguyen Van 1212,user1212@example.com,448.44
1213,Nguyen Van 1213,user1213@example.com,448.81
1214,Nguyen Van 1214,user1214@example.com,449.18
1215,Nguyen Van 1215,user1215@example.com,449.55
1216,Nguyen Van 1216,user1216@example.com,449.92
1217,Nguyen Van 1217,user1217@example.com,450.29
1218,Nguyen Van 1218,user1218@example.com,450.66
1219,Nguyen Van 1219,user1219@example.com,451.03
1220,Nguyen Van 1220,user1220@example.com,451.4
1221,Nguyen Van 1221,user1221@example.com,451.77
1222,Nguyen Van 1222,user1222@example.com,452.14
1223,Nguyen Van 1223,user1223@example.com,452.51
1224,Nguyen Van 1224,user1224@example.com,452.88
1225,Nguyen Van 1225,user1225@example.com,453.25
1226,Nguyen Van 1226,user1226@example.com,453.62
1227,Nguyen Van 1227,user1227@example.com,453.99
1228,Nguyen Van 1228,user1228@example.com,454.36
1229,Nguyen Van 1229,user1229@example.com,454.73
1230,Nguyen Van 1230,user1230@example.com,455.1
1231,Nguyen Van 1231,user1231@example.com,455.47
1232,Nguyen Van 1232,user1232@example.com,455.84
1233,Nguyen Van 1233,user1233@example.com,456.21
1234,Nguyen Van 1234,user1234@example.com,456.58
1235,Nguyen Van 1235,user1235@example.com,456.95
1236,Nguyen Van 1236,user1236@example.com,457.32
1237,Nguyen Van 1237,user1237@example.com,457.69
1238,Nguyen Van 1238,user1238@example.com,458.06
1239,Nguyen Van 1239,user1239@example.com,458.43
1240,Nguyen Van 1240,user1240@example.com,458.8
1241,Nguyen Van 1241,user1241@example.com,459.17
1242,Nguyen Van 1242,user1242@example.com,459.54
1243,Nguyen Van 1243,user1243@example.com,459.91
1244,Nguyen Van 1244,user1244@example.com,460.28
1245,Nguyen Van 1245,user1245@example.com,460.65
1246,Nguyen Van 1246,user1246@example.com,461.02
1247,Nguyen Van 1247,user1247@example.com,461.39
1248,Nguyen Van 1248,user1248@example.com,461.76
1249,Nguyen Van 1249,user1249@example.com,462.13
1250,Nguyen Van 1250,user1250@example.com,462.5
1251,Nguyen Van 1251,user1251@example.com,462.87
1252,Nguyen Van 1252,user1252@example.com,463.24
1253,Nguyen Van 1253,user1253@example.com,463.61
1254,Nguyen Van 1254,user1254@example.com,463.98
1255,Nguyen Van 1255,user1255@example.com,464.35
1256,Nguyen Van 1256,user1256@example.com,464.72
1257,Nguyen Van 1257,user1257@example.com,465.09
1258,Nguyen Van 1258,user1258@example.com,465.46
1259,Nguyen Van 1259,user1259@example.com,465.83
1260,Nguyen Van 1260,user1260@example.com,466.2
1261,Nguyen Van 1261,user1261@example.com,466.57
1262,Nguyen Van 1262,user1262@example.com,466.94
1263,Nguyen Van 1263,user1263@example.com,467.31
1264,Nguyen Van 1264,user1264@example.com,467.68
1265,Nguyen Van 1265,user1265@example.com,468.05
1266,Nguyen Van 1266,user1266@example.com,468.42
1267,Nguyen Van 1267,user1267@example.com,468.79
1268,Nguyen Van 1268,user1268@example.com,469.16
1269,Nguyen Van 1269,user1269@example.com,469.53
1270,Nguyen Van 1270,user1270@example.com,469.9
1271,Nguyen Van 1271,user1271@example.com,470.27
1272,Nguyen Van 1272,user1272@example.com,470.64
1273,Nguyen Van 1273,user1273@example.com,471.01
1274,Nguyen Van 1274,user1274@example.com,471.38
1275,Nguyen Van 1275,user1275@example.com,471.75
1276,Nguyen Van 1276,user1276@example.com,472.12
1277,Nguyen Van 1277,user1277@example.com,472.49
1278,Nguyen Van 1278,user1278@example.com,472.86
1279,Nguyen Van 1279,user1279@example.com,473.23
1280,Nguyen Van 1280,user1280@example.com,473.6
1281,Nguyen Van 1281,user1281@example.com,473.97
1282,Nguyen Van 1282,user1282@example.com,474.34
1283,Nguyen Van 1283,user1283@example.com,474.71
1284,Nguyen Van 1284,user1284@example.com,475.08
1285,Nguyen Van 1285,user1285@example.com,475.45
1286,Nguyen Van 1286,user1286@example.com,475.82
1287,Nguyen Van 1287,user1287@example.com,476.19
1288,Nguyen Van 1288,user1288@example.com,476.56
1289,Nguyen Van 1289,user1289@example.com,476.93
1290,Nguyen Van 1290,user1290@example.com,477.3
1291,Nguyen Van 1291,user1291@example.com,477.67
1292,Nguyen Van 1292,user1292@example.com,478.04
1293,Nguyen Van 1293,user1293@example.com,478.41
1294,Nguyen Van 1294,user1294@example.com,478.78
1295,Nguyen Van 1295,user1295@example.com,479.15
1296,Nguyen Van 1296,user1296@example.com,479.52
1297,Nguyen Van 1297,user1297@example.com,479.89
1298,Nguyen Van 1298,user1298@example.com,480.26
1299,Nguyen Van 1299,user1299@example.com,480.63
1300,Nguyen Van 1300,user1300@example.com,481.0
1301,Nguyen Van 1301,user1301@example.com,481.37
1302,Nguyen Van 1302,user1302@example.com,481.74
1303,Nguyen Van 1303,user1303@example.com,482.11
1304,Nguyen Van 1304,user1304@example.com,482.48
1305,Nguyen Van 1305,user1305@example.com,482.85
1306,Nguyen Van 1306,user1306@example.com,483.22
1307,Nguyen Van 1307,user1307@example.com,483.59
1308,Nguyen Van 1308,user1308@example.com,483.96
1309,Nguyen Van 1309,user1309@example.com,484.33
1310,Nguyen Van 1310,user1310@example.com,484.7
1311,Nguyen Van 1311,user1311@example.com,485.07
1312,Nguyen Van 1312,user1312@example.com,485.44
1313,Nguyen Van 1313,user1313@example.com,485.81
1314,Nguyen Van 1314,user1314@example.com,486.18
1315,Nguyen Van 1315,user1315@example.com,486.55
1316,Nguyen Van 1316,user1316@example.com,486.92
1317,Nguyen Van 1317,user1317@example.com,487.29
1318,Nguyen Van 1318,user1318@example.com,487.66
1319,Nguyen Van 1319,user1319@example.com,488.03
1320,Nguyen Van 1320,user1320@example.com,488.4
1321,Nguyen Van 1321,user1321@example.com,488.77
1322,Nguyen Van 1322,user1322@example.com,489.14
1323,Nguyen Van 1323,user1323@example.com,489.51
1324,Nguyen Van 1324,user1324@example.com,489.88
1325,Nguyen Van 1325,user1325@example.com,490.25
1326,Nguyen Van 1326,user1326@example.com,490.62
1327,Nguyen Van 1327,user1327@example.com,490.99
1328,Nguyen Van 1328,user1328@example.com,491.36
1329,Nguyen Van 1329,user1329@example.com,491.73
1330,Nguyen Van 1330,user1330@example.com,492.1
1331,Nguyen Van 1331,user1331@example.com,492.47
1332,Nguyen Van 1332,user1332@example.com,492.84
1333,Nguyen Van 1333,user1333@example.com,493.21
1334,Nguyen Van 1334,user1334@example.com,493.58
1335,Nguyen Van 1335,user1335@example.com,493.95
1336,Nguyen Van 1336,user1336@example.com,494.32
1337,Nguyen Van 1337,user1337@example.com,494.69
1338,Nguyen Van 1338,user1338@example.com,495.06
1339,Nguyen Van 1339,user1339@example.com,495.43
1340,Nguyen Van 1340,user1340@example.com,495.8
1341,Nguyen Van 1341,user1341@example.com,496.17
1342,Nguyen Van 1342,user1342@example.com,496.54
1343,Nguyen Van 1343,user1343@example.com,496.91
1344,Nguyen Van 1344,user1344@example.com,497.28
1345,Nguyen Van 1345,user1345@example.com,497.65
1346,Nguyen Van 1346,user1346@example.com,498.02
1347,Nguyen Van 1347,user1347@example.com,498.39
1348,Nguyen Van 1348,user1348@example.com,498.76
1349,Nguyen Van 1349,user1349@example.com,499.13
1350,Nguyen Van 1350,user1350@example.com,499.5
1351,Nguyen Van 1351,user1351@example.com,499.87
1352,Nguyen Van 1352,user1352@example.com,500.24
1353,Nguyen Van 1353,user1353@example.com,500.61
1354,Nguyen Van 1354,user1354@example.com,500.98
1355,Nguyen Van 1355,user1355@example.com,501.35
1356,Nguyen Van 1356,user1356@example.com,501.72
1357,Nguyen Van 1357,user1357@example.com,502.09
1358,Nguyen Van 1358,user1358@example.com,502.46
1359,Nguyen Van 1359,user1359@example.com,502.83
1360,Nguyen Van 1360,user1360@example.com,503.2
1361,Nguyen Van 1361,user1361@example.com,503.57
1362,Nguyen Van 1362,user1362@example.com,503.94
1363,Nguyen Van 1363,user1363@example.com,504.31
1364,Nguyen Van 1364,user1364@example.com,504.68
1365,Nguyen Van 1365,user1365@example.com,505.05
1366,Nguyen Van 1366,user1366@example.com,505.42
1367,Nguyen Van 1367,user1367@example.com,505.79
1368,Nguyen Van 1368,user1368@example.com,506.16
1369,Nguyen Van 1369,user1369@example.com,506.53
1370,Nguyen Van 1370,user1370@example.com,506.9
1371,Nguyen Van 1371,user1371@example.com,507.27
1372,Nguyen Van 1372,user1372@example.com,507.64
1373,Nguyen Van 1373,user1373@example.com,508.01
1374,Nguyen Van 1374,user1374@example.com,508.38
1375,Nguyen Van 1375,user1375@example.com,508.75
1376,Nguyen Van 1376,user1376@example.com,509.12
1377,Nguyen Van 1377,user1377@example.com,509.49
1378,Nguyen Van 1378,user1378@example.com,509.86
1379,Nguyen Van 1379,user1379@example.com,510.23
1380,Nguyen Van 1380,user1380@example.com,510.6
1381,Nguyen Van 1381,user1381@example.com,510.97
1382,Nguyen Van 1382,user1382@example.com,511.34
1383,Nguyen Van 1383,user1383@example.com,511.71
1384,Nguyen Van 1384,user1384@example.com,512.08
1385,Nguyen Van 1385,user1385@example.com,512.45
1386,Nguyen Van 1386,user1386@example.com,512.82
1387,Nguyen Van 1387,user1387@example.com,513.19
1388,Nguyen Van 1388,user1388@example.com,513.56
1389,Nguyen Van 1389,user1389@example.com,513.93
1390,Nguyen Van 1390,user1390@example.com,514.3
1391,Nguyen Van 1391,user1391@example.com,514.67
1392,Nguyen Van 1392,user1392@example.com,515.04
1393,Nguyen Van 1393,user1393@example.com,515.41
1394,Nguyen Van 1394,user1394@example.com,515.78
1395,Nguyen Van 1395,user1395@example.com,516.15
1396,Nguyen Van 1396,user1396@example.com,516.52
1397,Nguyen Van 1397,user1397@example.com,516.89
1398,Nguyen Van 1398,user1398@example.com,517.26
1399,Nguyen Van 1399,user1399@example.com,517.63
1400,Nguyen Van 1400,user1400@example.com,518.0
1401,Nguyen Van 1401,user1401@example.com,518.37
1402,Nguyen Van 1402,user1402@example.com,518.74
1403,Nguyen Van 1403,user1403@example.com,519.11
1404,Nguyen Van 1404,user1404@example.com,519.48
1405,Nguyen Van 1405,user1405@example.com,519.85
1406,Nguyen Van 1406,user1406@example.com,520.22
1407,Nguyen Van 1407,user1407@example.com,520.59
1408,Nguyen Van 1408,user1408@example.com,520.96
1409,Nguyen Van 1409,user1409@example.com,521.33
1410,Nguyen Van 1410,user1410@example.com,521.7
1411,Nguyen Van 1411,user1411@example.com,522.07
1412,Nguyen Van 1412,user1412@example.com,522.44
1413,Nguyen Van 1413,user1413@example.com,522.81
1414,Nguyen Van 1414,user1414@example.com,523.18
1415,Nguyen Van 1415,user1415@example.com,523.55
1416,Nguyen Van 1416,user1416@example.com,523.92
1417,Nguyen Van 1417,user1417@example.com,524.29
1418,Nguyen Van 1418,user1418@example.com,524.66
1419,Nguyen Van 1419,user1419@example.com,525.03
1420,Nguyen Van 1420,user1420@example.com,525.4
1421,Nguyen Van 1421,user1421@example.com,525.77
1422,Nguyen Van 1422,user1422@example.com,526.14
1423,Nguyen Van 1423,user1423@example.com,526.51
1424,Nguyen Van 1424,user1424@example.com,526.88
1425,Nguyen Van 1425,user1425@example.com,527.25
1426,Nguyen Van 1426,user1426@example.com,527.62
1427,Nguyen Van 1427,user1427@example.com,527.99
1428,Nguyen Van 1428,user1428@example.com,528.36
1429,Nguyen Van 1429,user1429@example.com,528.73
1430,Nguyen Van 1430,user1430@example.com,529.1
1431,Nguyen Van 1431,user1431@example.com,529.47
1432,Nguyen Van 1432,user1432@example.com,529.84
1433,Nguyen Van 1433,user1433@example.com,530.21
1434,Nguyen Van 1434,user1434@example.com,530.58
1435,Nguyen Van 1435,user1435@example.com,530.95
1436,Nguyen Van 1436,user1436@example.com,531.32
1437,Nguyen Van 1437,user1437@example.com,531.69
1438,Nguyen Van 1438,user1438@example.com,532.06
1439,Nguyen Van 1439,user1439@example.com,532.43
1440,Nguyen Van 1440,user1440@example.com,532.8
1441,Nguyen Van 1441,user1441@example.com,533.17
1442,Nguyen Van 1442,user1442@example.com,533.54
1443,Nguyen Van 1443,user1443@example.com,533.91
1444,Nguyen Van 1444,user1444@example.com,534.28
1445,Nguyen Van 1445,user1445@example.com,534.65
1446,Nguyen Van 1446,user1446@example.com,535.02
1447,Nguyen Van 1447,user1447@example.com,535.39
1448,Nguyen Van 1448,user1448@example.com,535.76
1449,Nguyen Van 1449,user1449@example.com,536.13
1450,Nguyen Van 1450,user1450@example.com,536.5
1451,Nguyen Van 1451,user1451@example.com,536.87
1452,Nguyen Van 1452,user1452@example.com,537.24
1453,Nguyen Van 1453,user1453@example.com,537.61
1454,Nguyen Van 1454,user1454@example.com,537.98
1455,Nguyen Van 1455,user1455@example.com,538.35
1456,Nguyen Van 1456,user1456@example.com,538.72
1457,Nguyen Van 1457,user1457@example.com,539.09
1458,Nguyen Van 1458,user1458@example.com,539.46
1459,Nguyen Van 1459,user1459@example.com,539.83
1460,Nguyen Van 1460,user1460@example.com,540.2
1461,Nguyen Van 1461,user1461@example.com,540.57
1462,Nguyen Van 1462,user1462@example.com,540.94
1463,Nguyen Van 1463,user1463@example.com,541.31
1464,Nguyen Van 1464,user1464@example.com,541.68
1465,Nguyen Van 1465,user1465@example.com,542.05
1466,Nguyen Van 1466,user1466@example.com,542.42
1467,Nguyen Van 1467,user1467@example.com,542.79
1468,Nguyen Van 1468,user1468@example.com,543.16
1469,Nguyen Van 1469,user1469@example.com,543.53
1470,Nguyen Van 1470,user1470@example.com,543.9
1471,Nguyen Van 1471,user1471@example.com,544.27
1472,Nguyen Van 1472,user1472@example.com,544.64
1473,Nguyen Van 1473,user1473@example.com,545.01
1474,Nguyen Van 1474,user1474@example.com,545.38
1475,Nguyen Van 1475,user1475@example.com,545.75
1476,Nguyen Van 1476,user1476@example.com,546.12
1477,Nguyen Van 1477,user1477@example.com,546.49
1478,Nguyen Van 1478,user1478@example.com,546.86
1479,Nguyen Van 1479,user1479@example.com,547.23
1480,Nguyen Van 1480,user1480@example.com,547.6
1481,Nguyen Van 1481,user1481@example.com,547.97
1482,Nguyen Van 1482,user1482@example.com,548.34
1483,Nguyen Van 1483,user1483@example.com,548.71
1484,Nguyen Van 1484,user1484@example.com,549.08
1485,Nguyen Van 1485,user1485@example.com,549.45
1486,Nguyen Van 1486,user1486@example.com,549.82
1487,Nguyen Van 1487,user1487@example.com,550.19
1488,Nguyen Van 1488,user1488@example.com,550.56
1489,Nguyen Van 1489,user1489@example.com,550.93
1490,Nguyen Van 1490,user1490@example.com,551.3
1491,Nguyen Van 1491,user1491@example.com,551.67
1492,Nguyen Van 1492,user1492@example.com,552.04
1493,Nguyen Van 1493,user1493@example.com,552.41
1494,Nguyen Van 1494,user1494@example.com,552.78
1495,Nguyen Van 1495,user1495@example.com,553.15
1496,Nguyen Van 1496,user1496@example.com,553.52
1497,Nguyen Van 1497,user1497@example.com,553.89
1498,Nguyen Van 1498,user1498@example.com,554.26
1499,Nguyen Van 1499,user1499@example.com,554.63
1500,Nguyen Van 1500,user1500@example.com,555.0
